Giorgi Banister,2001-12-09,Qiaozhen
Camala Woolner,1986-12-25,Krajan Karangwage
Gilberta Judson,1998-04-12,Jarvakandi
Phineas Linden,1977-08-04,Przodkowo
Adelind Fenich,1978-04-15,Togu
Saul Bullier,1954-07-16,Al Qabil
Doria Swansborough,1966-03-13,Huangxi
Maritsa Starr,1979-06-18,Orange Walk
Tracie Casbolt,1981-04-07,Estoril
Myriam Livings,1979-08-17,Baoli
Trude Murt,1970-03-29,Buga
Lottie Blaschek,1975-02-07,Mori
Rosette Roseburgh,1984-06-25,Velyka Bahachka
Thibaut Nottram,1979-03-27,Muranovo
Boote Greenrde,1964-04-10,Leninskiy
Grange Thon,1990-07-28,Claresholm
Meredith Klaiser,1980-07-21,Zhongguan
Nataniel Bruck,1998-11-08,Lipu
Flora Tapsell,1960-03-09,Goteborg
Bryanty Bockings,1975-08-28,Lubango
Baron Kerley,1974-01-19,Sezimovo Usti
Dominique Nary,1959-03-18,Jamundi
Trixie Blaylock,1972-08-09,Krasnogorskiy
Emmit Dobrovsky,1964-04-28,Severnoye
Somerset Trewin,1971-07-08,Muara Dua
Avrit Izaac,2002-10-02,Liudu
Fleur Yackiminie,1996-03-05,Incheon
Janet Moberley,1970-05-20,Las Parejas
Candide Krollmann,1964-06-29,Jiujie
Sharl Clementet,2004-09-05,Alangilanan
Rodney Galfour,2005-07-22,Barreiro do Jaiba
Brynna Dyka,1999-08-20,Kebonan
Arnie Newvell,1993-03-22,Sinjai
Ricki Golby,1974-01-10,Campina Grande do Sul
Nadine Carsey,1989-10-18,Yurino
Emlyn Stormes,1983-06-20,Astypalaia
Erin Overil,1959-02-28,Eci
Trey McIllrick,1993-09-19,Rokietnica
Selena Abramovicz,1980-07-02,Prabuty
Margot Blackeby,2003-03-30,Slawoborze
Fonz Warmington,1952-05-02,Buarcos
Thomasin Wickardt,2001-10-08,Turgun
Nancie Favelle,2002-12-27,Lahoysk
Sam Bidewell,2006-04-27,Beizhang
Esma MacParland,2000-02-03,Fenchen
Eleonore Spaughton,2003-06-19,Cachada
Halley Kilgannon,2003-05-23,Verkhniy Kurkuzhin
Chane Shallo,1988-10-07,Mende
Coraline Barkaway,1974-05-26,Trenggulunan
Pen Langmaid,1967-08-26,Vila Velha de Rodao
Janifer Faucherand,1991-12-31,Huangban
Stirling Bilham,1984-11-01,Qiujia
Robinette Hancock,1973-09-07,Jiahu
Joana Lundbeck,1976-10-21,Al Hijrah
Chelsae Meadway,1959-04-20,Savsjo
Marje Ferrarin,1950-06-08,Santo Tomas
Consuela Speakman,1973-07-15,Longchiqiao
Lyndsey Jelly,1985-02-02,Qibu
Ripley Relfe,1998-05-22,Sao Pedro do Estoril
Vanya Rodson,1971-01-18,Romny
Felice Corsan,1963-11-02,Oliveira
Sheelagh Uzelli,1994-09-22,Cilangkap
Sigismund Gumary,1978-10-27,Jiaobei
Lorie Howle,2002-06-25,Xundian
Sauncho Pesic,1968-05-05,Malaba
June Renny,1970-07-31,Aleg
Willy Alenov,1998-06-16,Canaries
June Argent,1996-06-14,Zhangjiagang
Maxim Benettelli,1964-12-10,Saku
North Rentoul,1999-06-30,Frisange
Kizzie Blackeby,1980-11-20,Merapit
Welsh Staff,1954-06-20,Hat Yai
Tabitha Paolini,1958-08-16,Flic en Flac
Sutherland McColley,1986-05-01,Chengji
Gabe Tomaszkiewicz,1997-05-14,Ventspils
Quinton McQuin,1976-07-05,Azua
Gustie Copcott,1998-02-28,New York City
Vasilis Kimpton,1964-09-29,Tours
Jere Haith,1998-04-13,Pak Kret
Mano Larwood,1985-04-10,Blahodatne
Linea Camin,1977-10-16,Zverevo
Carmella Golling,1999-08-01,Jalqamus
Adella Yakushkev,1970-04-18,Ibung
Debora Duffy,1954-08-26,Longhe
Kevyn Hacking,1960-03-30,Wolbrom
Yvon Roe,1951-03-16,Borzeta
Linn Vinton,1956-04-25,Waldbillig
Ange Matterdace,1996-05-26,At Tawilah
Adriana McCurtin,2000-10-02,Apeldoorn
Pen Copnell,1967-06-27,Colonia Minga Pora
Thacher Ginnaly,1977-06-27,Ballsh
Lloyd Cahillane,1965-11-16,Windsor
Adina Comello,1963-09-09,Shufeng
Lydon Channon,1975-12-09,Terbangan
Robert Trayton,1954-07-10,Libei
Carny Bottrell,1997-02-03,Wengyang
Truman Rawet,1972-05-03,Great Neck
Paulette Stabler,1974-06-12,Xingou
Liza Derricoat,2002-05-27,Seke
Elvis Carwardine,1968-06-25,Velky Tynec
Dieter Chumley,1975-05-15,Nancy
Angelle Diplock,1954-08-05,Soufriere
Teresita McNae,1998-04-12,Boronow
Abner Mogenot,1985-06-26,Charata
Cosimo Greenin,1962-12-01,Xieba
Chandal Prisley,1965-09-07,Nirji
Kinnie Duckerin,1970-01-17,Mataigou
Aleta Coopey,1987-11-02,Bang Phlat
Melissa Vannar,2002-03-30,Birzai
Ronnie Ireland,1957-06-28,Pengandonan
Izzy Samwayes,1965-06-21,Wonorejo
Charline Kunc,1964-08-15,Svyetlahorsk
Laura Kruschev,1974-01-07,Temblador
Millisent Busch,1977-04-21,Lakateng
Brunhilde Tilberry,2006-05-14,Santa Cruz
Murial Duckham,1968-01-18,Bardiyah
Farlie Sivyour,1972-03-30,Casal Galego
Kirsti Rubinfajn,1968-07-28,Vila Franca de Xira
Fonsie Skydall,1968-07-26,Rotunda
Sid Nannizzi,1951-09-05,Padre Paraiso
Rachael Ballston,1976-10-10,Gennevilliers
Corbin Simkovich,1984-09-09,Hantara
Gauthier Raitt,1989-08-05,Ciduren
Gaylene McQuaid,1964-10-12,Primero de Enero
Bordy Martinetto,1971-01-31,Mabu
Dayna Shaves,1954-04-29,Colquemarca
Ladonna Geharke,1976-04-05,Hexi
Sam Yurocjkin,1963-05-24,Selestat
Berk Agutter,1970-01-20,Dologon
Jarad Bitten,1956-09-01,Lirung
Bernardine Reap,2002-01-15,Yenagoa
Lacie Lackey,2003-11-18,Tsushima
Spenser Pauler,2002-10-06,Bien Hoa
Lilian Antoszczyk,1964-06-23,Tagbilaran City
Vanessa Kobierzycki,1978-11-11,Pancevo
Elspeth Beastall,1972-09-19,Ningde
Aldrich Batchan,1995-11-14,Koltubanovskiy
Delcina Froome,1967-05-01,Xingzhen
Stefano Reany,1971-02-18,Kalaxilike
Kathrine McBrearty,1951-07-22,Zhugang
Ted Maffulli,1962-02-10,Oceanside
Andre Bakhrushin,1952-02-11,Palmeira das Missoes
Torie Carlone,1991-01-23,Impendle
Jdavie Lote,1959-05-29,Huasahuasi
Che Diess,2002-03-21,Hongtang
Doloritas Toman,1960-08-13,Mpongwe
Ilaire Piola,1998-04-11,Kolape
Bren Espinay,1951-01-30,Pasirbitung
Lemuel Wattam,1980-12-28,Manabo
Imogen Chiplen,1977-10-18,Nantes
Eloise Dillaway,1981-05-17,Trakan Phut Phon
Moina Bessey,1997-08-02,Zgurovka
Malvin Dumini,1983-10-18,Dabachang
Ilise St Clair,1961-05-01,Inapari
Charyl McFie,1978-02-12,Kratovo
Chelsea Pochin,1960-02-10,Odienne
Ward Burchfield,1966-02-01,Jarada
Aleda Vesty,1974-01-21,Boretice
Darby Zoanetti,1961-05-19,New York City
Perkin Higgonet,2004-04-07,Norrkoping
Jacques Presnell,1976-04-10,Granada
Hadleigh Ledbury,1972-04-26,Baabda
Aland Rorke,1987-03-12,Lucheng
Twyla MacCathay,1998-07-02,Tingsiqiao
Celie Swale,1991-10-28,Sam Khok
Dinny Pullman,1982-06-21,Dengtang
Bettina Maskelyne,1958-03-13,Pagelaran
Melinda Strowther,1950-05-23,La Aurora
Luci Humpatch,2003-01-10,Rakican
Katy Breed,1980-09-03,Tanjay
Helsa Schnieder,1963-08-08,Beruniy
Fabio Leguey,1993-05-22,Benito Juarez
Aksel Cockell,1972-03-03,Skaryszew
Mindy Soigoux,1993-01-05,Huaylillas
Britteny Poel,1973-03-26,Zhihe
Kippar Fairclough,1998-05-01,Lunen
Marcela Bellard,1999-02-08,Karangranjong
Danyelle Lyndon,1982-06-24,Moriyama
Kippie Phipps,1959-01-10,Changmao
Reid Pidgin,1970-08-30,Ambatondrazaka
Arleyne Shills,1965-01-23,Marco de Canaveses
Kakalina Retchless,1995-08-09,Daojiang
Britteny Odgaard,1963-03-10,Camden
Brigitte Ricker,1959-07-10,Changshan
Gram Riolfi,1967-03-26,Piraju
Neale Costigan,2004-04-17,Troitsk
Bronny Jodrellec,1969-08-11,Morteros
Gabriellia Battelle,1957-03-26,Umburarameha
Candida Liveley,1975-07-27,Sukamulya
Gussi Baroche,1971-08-24,Qiaoxi
Cointon Tieman,1989-05-06,Frantiskovy Lazne
Elisha Sobczak,1972-08-19,Longfeng
Rosaline Kinsella,1998-02-16,Helmsange
Fair Found,1983-01-19,Kuncen
Skyler Scandroot,1998-07-06,Langzhong
Doug Grafton,1998-10-28,Alavieska
Salvatore Newart,1966-11-02,Kaca
Robers Trahearn,1995-10-18,Molndal
Britt Perrelli,1962-07-11,Magallanes
Renault Blunsom,1966-08-23,Karlstad
Ulrick Mamwell,1983-02-24,Ertai
Konstanze Sproson,1993-12-31,Klippan
Forbes Rosenbloom,1979-07-03,Hujirt
Gerianne Lerohan,1976-09-15,Pakis
Sheilakathryn Richfield,1966-08-27,Konosu
Zechariah Torr,1963-10-08,Shangmofang
Jud Hallor,1972-05-24,Yangsa
Hernando Dunstone,1951-07-18,Voskresenskoye
Haywood Garmans,1952-09-09,Rudy
Malchy Arnaldo,1958-10-01,Buffalo
Sophi Lux,1987-08-26,Bankaw
Llewellyn Marcroft,1977-11-14,Jaworzyna Slaska
Douglass Loade,1996-05-27,Macapo
Jdavie Durtnall,1970-11-20,Shilipu
Daniele Slowly,1970-06-21,Quintas
Elle Bernasek,1971-08-23,Ferreira do Zezere
Alain Yakovlev,1969-11-08,Shaping
Cosetta Fitchell,1956-05-18,Hrastnik
Ingaberg Lugden,1972-01-23,Manhuacu
Marya Windas,1980-03-20,Maromitsa
Ugo Phizakarley,1991-11-18,Mojokerto
Fletcher Christescu,1999-09-21,Dordrecht
Morgana Treuge,1991-10-24,Morrison
Paddy Kunes,1992-08-11,Gaocheng
Georas Dormon,1976-04-25,Pavlovka
Ingamar Simoncello,2005-03-02,Nea Ionia
Freedman Sergant,1995-06-16,Adir
Kikelia McAlpin,1999-08-20,Leribe
Gaelan Morrel,1994-09-17,Wang Thonglang
Kriste Koppe,2003-06-12,Mubo
Haywood Pascall,1982-02-06,Ciampea
Zach Cardinale,1975-07-17,Lashkar Gah
Chandler Tribe,1968-02-03,Tukbur
Goldia Roisen,1971-05-16,Douala
Burr Corcoran,2001-11-27,Nakhon Pathom
Leif Gunby,2003-12-28,Tullich
Francois Inchley,1971-10-19,Worcester
Boyd Minerdo,1955-11-20,Skalat
Allyn Mandry,1994-03-21,Gandara
Drusi Veracruysse,1976-02-08,Binhailu
Tracey Chowne,2006-09-03,Uuemoisa
Shem Sawl,1981-08-05,Piribebuy
Louise Jakucewicz,1991-02-08,Chamalieres
Bobbie Hallbord,2004-09-13,Shifang
Bren Twyford,1996-11-01,Thio
Say Rawkesby,1957-03-09,Petange
Niko Lawrey,1974-01-13,Longxi
Keslie Caslake,1972-11-17,Canto
Lynnet Nicol,1959-02-24,Savelugu
Kitti Billingsley,1951-06-01,Uyovu
Elisabeth Frankcom,2004-09-27,Dolni Cermna
Arliene Keywood,1971-04-10,Dieppe
Charyl Brackpool,1953-12-23,Uto
Haze Brumpton,1985-07-19,Chishui
Rahal Hearsey,2003-04-07,Liuzhi
Mario Worgen,1952-04-26,Chixi
Ameline De Malchar,1973-08-20,Verkhniy Landekh
Federica Lyster,1960-12-02,Ryazanskiy
Donnie Beniesh,2003-05-24,Huangmei
Maybelle Iglesiaz,1983-09-24,Neyagawa
Joey Paullin,2004-12-09,Yefremov
Tabbi Scroggs,1985-02-25,Putrajaya
Zed Spera,1983-07-26,Simpang
Fawne Kordova,1984-11-04,Castro
Perceval Seelbach,1989-10-06,Boa Esperanca
Kaja Meriel,1971-02-27,Rakaia
Theodore Larderot,1965-07-16,Phu Cat
Charlotte Codd,1952-02-23,Ostankinskiy
Nobe Hayer,1972-02-16,Verkhniy Avzyan
Jamie Mark,1997-11-21,Ansermanuevo
Yoshiko Losseljong,1950-07-11,Bujanovac
Melesa Ingreda,1991-08-05,Massakory
Garland Skilbeck,1988-08-12,Wamba
Shelli Scoon,2002-03-05,Barranca de Upia
Cynde Oxlade,1990-12-22,Sajur
Bern Whisson,1959-07-04,Hedong
Eve Blackstock,1985-07-04,Rizomilos
Alfi Kubera,1974-05-21,Talondang
Burl Aymes,1954-03-28,Uppsala
Phaidra Crammy,1997-12-10,Sodra Sandby
Oralla Waller,2004-05-28,Haapajarvi
Kippy Dickerline,2001-04-25,Puerto Cabezas
Peterus Garatty,2003-11-14,Kulautuva
Marje Heads,1950-12-26,Xinyang
Zora Schuricke,1980-11-02,Bolhrad
Isabeau Duprey,2005-11-12,Triwil
Victoria Farmer,1998-08-16,Nova Paka
Standford Seyffert,1995-02-21,Sukmoilang
Reiko Phizackerly,1962-09-24,Boa Viagem
Chandra Hincham,2001-01-03,Tomice
Halette Schiefersten,1976-09-11,Longsha
Erie Million,1983-10-15,Zykovo
Mirabella McConigal,1986-11-13,Kelme
Karl Brockwell,1999-12-06,Quinta da Torre
Timmi McQuaker,1991-11-15,Nilopolis
Emmanuel Braganza,2005-11-23,Buchanan
Evvy Bediss,1972-06-08,Akhtopol
Hillard Orehead,1992-04-26,Fonte Boa da Brincosa
Corey Edwards,1980-12-20,Kilju
Perl Gookes,1960-05-12,Jilib
Halli Pancoast,1957-04-21,Rio Tercero
Kameko Lawly,1977-03-02,Dongyuan
Ruby Avramow,1995-04-04,Visnjevac
Bernelle Gibberd,2002-07-20,Cikondang
Anton Schohier,1955-08-08,Jemielno
Malina Liver,1954-03-29,Kozyatyn
Mal Etienne,2001-07-08,Meiyao
Wallace Lemmon,2000-03-27,Pingshan
Marilyn Nelligan,1953-03-17,Hoi An
Quinton Kohnemann,1999-03-04,Santa Marta
Bar Laise,2005-10-15,Xiongji
Taryn Schusterl,1994-02-14,Thanh Pho Ba Ria
Niels Skains,1993-05-16,Dun Laoghaire
Hendrika Elliman,1955-09-03,Libas
Maryanna McRavey,2006-06-15,Parobe
Lavena Sturton,1956-12-09,Sodertalje
Rafaelita Wiersma,1984-04-29,Argivai
Nell Casterton,1999-01-29,Delmiro Gouveia
Desmond Bowller,2000-09-13,Ungaran
Carry Voyce,1997-04-03,Belo Blato
Arlie Pritchett,1994-09-16,Zhouzhuang
Valdemar Shearer,1952-05-16,Basel
Hurleigh Baden,1994-01-13,La Palma
Natal Wildin,1974-05-28,Guohe
Trula Trahair,1975-09-02,Raszowa
Man Rennenbach,1989-12-04,Aserrio de Gariche
Arlee Phin,1960-08-15,Granville
Jobie McKay,1978-12-09,Xinghua
Jeremie Aggis,1992-06-23,Dzhubga
Chrystal Farriar,1988-08-04,Kunmi Erdi
Lynsey Dwane,1954-12-27,Oulad Frej
Dorelia Handrock,1958-11-12,Jiulong
Estrellita Golborn,1987-10-24,Yitulihe
Belicia Tweddell,1984-05-11,Zhaobaoshan
Clair Hellin,1971-10-08,Anyama
Vinni Jordi,1989-08-17,Bobolice
Olga Norres,1978-02-06,Chubek
Dacie Barsham,1977-07-17,Placido de Castro
Joya Mellhuish,2005-04-16,Caldas Novas
Layton Pignon,1968-08-09,Kabulusan
Tina Gilbanks,2006-01-29,Campo Viera
Angie Ballentime,1964-11-20,Kotor
Angelico Mutimer,1983-11-03,Nyagan
Leola Rubica,2001-08-29,Kavalerovo
Dorree Mourge,2001-02-26,Melgar
Valeda Malpass,1952-03-16,Bokor
Robyn Tearle,1953-03-01,Baitang
Lindsey Pfertner,2004-07-11,Huite
Madison Newton,1980-05-04,Gudauta
Elwira Keymer,1952-12-13,Azul
Quinlan Molyneux,1956-12-30,Vrtojba
Reg Maryska,1996-01-11,Ndibene Dahra
Dayle Izzard,1986-05-16,Palermo
Elene Caveill,1958-05-17,Oslo
Gorden Hazleton,1965-10-31,Pappados
Caesar Linkin,1962-03-30,Suruhan
Samara Blayd,1970-10-05,Tsaritsyno
Hilliary Tidmas,1965-07-25,Krajan Kedungsalam
Margaux Clynman,1999-06-30,Izingolweni
Elke Rougier,1999-12-16,Meilin
Griz Lebrun,2006-06-29,Sighnaghi
Levi Breeze,2004-05-27,Pinsk
Marge Rishworth,2002-01-08,Neyagawa
Archibold Gallagher,1992-05-30,Longxian Chengguanzhen
Cleve Ixor,1955-01-16,Skatepark
Gretel Falcus,1962-02-15,Desamparados
Lorenzo Rigardeau,1999-08-16,Liangli
Gavrielle MacCafferky,1970-06-29,Arroyo Seco
Braden Gergher,1998-10-16,Nong Khaem
Roxana Zumbusch,1954-07-13,Fovissste
Leigha Presdie,2004-04-29,Duas Igrejas
Eilis Berzon,1979-04-29,Ciburial
Bobette Larking,1994-03-14,Zemaiciu Naumiestis
Thor Cockton,1998-05-31,Xumai
Yul Santhouse,1983-03-16,Blawi
Evyn Purkins,1993-05-04,Pompeu
Jarvis Hebden,1962-08-15,Villa Consuelo
Coralyn Shellum,1965-08-25,Nankana Sahib
Ignatius Baldree,1994-06-16,Rymanow
Melanie Skeates,1972-04-08,Xingnong
Clotilda Hug,1992-04-10,Benhong
Jillane Bestwerthick,1962-06-28,Satrejan
Annmarie Iley,1994-08-02,Huanchillas
Arda Tebbett,1983-01-17,Opocno
Philbert Compfort,1969-10-17,Bergerac
Elyn Mulqueen,1952-07-22,Jianfeng
Lacey Johann,1974-11-10,Gajrug
Dorie Pinnegar,1980-09-02,Barranquilla
Misty Moreinis,1983-11-21,Kassiri
Adena Zanutti,1962-02-23,Zeist
Grete Jimes,1957-06-13,Kertosari
Pepe Northern,1952-11-22,Castelo
Genevra Latore,1992-02-10,Gande
Tomasina Biasotti,1954-05-13,Badarganj
Joanie Slimme,1963-07-22,Alasmalang
Nona Wagen,1956-11-11,Lubasz
Lita Takis,2000-02-20,Bodiosa a Velha
Sayre Sillick,1976-09-29,Limbuhan
Harvey McCreedy,1954-11-07,Sidomulyo
Violante De Biaggi,2001-05-20,Vannes
Lucille Lehrmann,1978-08-04,El Fasher
Xymenes Mullarkey,1964-07-25,Rokitno
Gan Ponten,1960-01-27,Changbu
Tammy Grigg,2002-08-30,Ankazoabo
Nonah Venmore,1996-03-15,Haninge
Bronson Vogl,1994-07-03,Gweru
Zackariah Farnfield,1981-07-28,Qobustan
Inger MacCourt,1961-11-26,Concepcion
Parker Withers,2001-11-04,Touama
Aurelia Spellecy,1956-12-18,Ospina
Keary Webling,1986-10-07,Magisterial
Frederica Levane,2001-04-13,Peteranec
Read Goodram,2003-02-07,Ishii
Marlane MacCague,1988-03-13,Pavlovka
Franklin Etheredge,1995-07-24,Pashiya
Arabela Dwelley,1955-04-14,Biankouma
Aryn Brunon,1973-07-09,Burqah
Loydie Bachelor,1951-06-12,Xishan
Gillie Lighton,1971-03-02,Dachong
Jessalin Ropcke,1994-11-19,Kampungmasjid
Leslie Holde,2002-04-03,La Union
Lorna Nickoles,1982-05-13,Badrah
Orran McGeraghty,1973-09-02,El Parco District
Lenore Legerwood,1961-08-07,Periyiali
Garner Walton,1973-07-03,Bubullime
Marisa Zoephel,1973-07-06,Sosnytsya
Barrie Lucian,1983-10-01,Altenberg bei Linz
Randa Merredy,1971-08-01,Dieppe
Aldin Branston,1997-09-18,Xinshao
Moreen Carlens,1960-05-03,Chacapalpa
Beverlie Fogt,1993-09-07,Ky Anh
Davidson Eidelman,1986-01-08,Melaka
Ricca Gylle,1979-03-09,Abastumani
Shea Olwen,1997-07-10,Hwado
Ezekiel Nevinson,1985-06-25,Tesany
Tommie Dondon,1984-03-25,Kirawsk
Rolph Matheson,1970-03-08,Purral
Lynne Kubala,1973-05-15,Tiguion
Gloriane Marke,1997-09-29,Karmaskaly
Emerson Pargeter,1961-10-03,Yuncheng
Lew Braunroth,1969-09-12,Yanguan
James Revel,1982-09-08,Krasnofarfornyy
Mort Martini,1953-08-17,Xinhe
Tomkin Shipcott,1985-07-01,Alvesta
Charlie Dafydd,1958-01-08,Xinjia
Kaitlynn Primak,2001-12-10,Jiaokou
Kiersten Grog,1999-12-15,Dehang
Ronnie Cheeld,1961-04-22,Caetite
Ariel Cutten,1996-10-05,Shreveport
Lynnelle Rops,2005-11-22,Miroes
Marigold Lello,1982-03-18,Da Nang
Suzette Popple,1971-06-22,Bergvliet
Dari Gregorace,1997-08-28,Olafulihaa
Lonnard Barley,1960-02-15,Munturkaju
Wynn Criag,1999-07-02,Uwelini
Blane Filisov,1964-05-10,Madaripur
Rolfe Fishbourne,1974-05-13,Golbey
Rockie Gowan,1988-02-27,Vaiamonte
Dion Turneaux,1969-10-10,Domasinec
Laurel Rash,1974-07-29,Troitskoye
Haven Askaw,1976-12-11,Lai
Kennith Dyet,1965-11-02,Sehwan
Stanford Errigo,1977-06-21,Brovary
Imojean Tolchar,1981-07-15,Zhoutou
Issie Lynch,1980-10-02,Munse
Gillie Challice,1982-05-03,Aranhas
Rhys Landre,1983-01-05,Junchuan
Faustine Moss,1977-10-19,Wantian
Daisy Dehmel,1955-05-26,Concordia
Dulce Rittmeier,1971-07-02,Barajalan
Berri Tine,1962-12-08,Tucupita
Laureen Marthen,1961-06-04,Cibitung
Charlie Di Batista,1976-01-25,Bologna
Geno Allsop,1970-08-04,Wangda
Polly Nend,1984-02-02,Pinas
Barnaby Joiner,1952-10-10,Casa Quemada
Susana Ziemke,1982-11-01,Lekhaio
Fey Kramer,1952-01-26,Mingshan
Kelci Piff,1987-07-16,Fengniancun
Jedediah O Sullivan,1961-02-09,Al Mahwit
Elissa Wolfendell,2000-05-20,Sidomukti
Judye Aymerich,1995-09-23,Otlja
Xenia Steadman,1995-11-12,Casa Nova
Ker Sime,1980-10-07,Coro
Dianne Androlli,1978-03-13,Yangdun
Reade Aland,1979-02-28,Yetang
Steve Fitt,2006-09-21,Montelimar
Lacie McVee,1980-11-17,Baghlan
Bale Feltham,1982-07-06,Jauja
Geralda Aspinal,1996-10-31,Villa Santa Rita
Dusty Kleisle,1979-12-18,Futuroscope
Caron Uzielli,1999-03-22,Orahovac
Ashleigh Spurdens,1990-09-07,Las Flores
Jack Jossel,1967-08-14,Rosa Zarate
Kala Dunsire,1996-01-09,Bicos
Claudina Peacop,1958-02-14,Tres Arroyos
Sloane Quiddinton,1993-05-28,Cikoneng
Cristina Gerraty,1959-05-16,Cabra Figa
Avis Ortsmann,1982-07-19,Filabusi
Avril Pavlenko,1977-03-18,Patapan
Alyce Artrick,2003-08-14,Chai Badan
Rubie Hirtz,1969-12-05,Tyn nad Vltavou
Helli Travers,1999-12-17,Ufimskiy
Gunilla Ruspine,1987-10-04,Tabogon
Elysee Marriott,1973-03-07,La Union
Antone Dmitrievski,1959-11-09,Lubniewice
Sarajane Trebilcock,1984-08-19,Fangzheng
Ruttger Pafford,1973-05-09,Biny Selo
Chelsie Norgate,1987-05-15,Alingsas
August Beloe,1999-03-08,Arnhem
Sylvan Lippi,1996-04-02,Lipie
Kelci Impleton,1965-11-14,Zhangjiawo
Nonna Cromly,2003-09-02,Campoalegre
Sebastien Tukely,1963-01-12,Riung
Peta Herculson,1957-09-01,Lesnyye Polyany
Ogden Muro,2004-01-24,Starokucherganovka
Nancey Hauxby,1999-02-16,Vari
Orsola Niese,1979-02-24,Sinajana Village
Wandis Pierrepont,1969-01-12,Tsurib
Nels Colclough,2003-11-02,Pokrzywnica
Hayward Haster,1962-05-29,Karangdalam
Geri Dancy,1976-03-16,Mabamba
Dame Goode,1996-08-20,Balitoc
Clair Marklin,1976-08-25,Siikainen
Bethina Cranston,1961-10-29,Kayes
Iormina Siggers,1961-02-07,Pasirmanggu
Shauna Stiling,1988-11-26,Likasi
Peadar Bovaird,1974-08-12,Messina
Nichols Pinnere,1961-02-13,Ballinroad
Tomkin Claremont,1995-05-03,Baijiang
Gabriell Halfhyde,1993-03-14,Joypur Hat
Beth Devonish,1987-04-28,Ordzhonikidzevskiy
Wilhelm Manton,1996-01-17,Palaiomonastiron
Eolanda Demoge,1987-12-22,Lazaro Cardenas
Burgess Campe,1985-07-31,Conchucos
Jesus Rockhill,1976-10-15,Kolbiel
Konstance Simmon,1976-12-24,Shenji
Brody Duesbury,1965-05-15,Beaverlodge
Riannon Geffen,1954-12-06,Bako
Austine Nanelli,2003-05-09,Ivanovskoye
Carley Lghan,1956-04-11,Groznyy
Merola McPhillimey,1980-04-08,Daixi
Zacherie Allbut,2005-09-26,Shunling
Port Dowdeswell,1968-10-17,Hitura
Corey Potbury,1981-01-19,Las Palmas
Jarrad Neller,1991-10-23,Bratislava
Nike Dellenbrook,1967-02-03,Mufulira
Yorgo Perl,1966-05-11,Cam Pha Mines
Addia Dorrian,1994-11-01,Flandes
Crawford Bruyns,1987-12-15,Taoyuan
Millard Ellaway,2002-01-21,Pedreira
Zia Giffin,1961-02-01,Mikulovice
Kikelia Hathorn,1976-05-26,Jekabpils
Morey Bausmann,1950-04-28,Czarnozyly
Claudell Streatley,1988-08-15,Murmashi
Hernando Palmar,1999-08-04,Mahanoro
Maybelle Quesne,1967-04-11,Columbia
Elvera Odgers,1983-05-20,Shensuo
Farra Brandreth,1963-06-02,Des Moines
Lelia Addicott,1993-09-26,Lubenia
Faunie Robins,1989-04-18,Kanaya
Rock De Clairmont,2004-06-02,Goya
Vivianne Vatcher,1980-05-24,Vilkija
Nappy McArley,1989-09-17,Sumberagung
Dian Jelf,1953-12-11,Medveda
George McIlwreath,1973-10-28,Wakapuken
Lorin Blancowe,1967-01-06,Huitong
Chris Guiraud,1986-05-21,Limon
Rosalia Ranklin,1960-09-03,Shidu
Theodoric McKean,1951-09-17,Independencia
Nariko Eagleton,1964-11-10,Umea
Kaia Gruczka,1989-06-01,Ranua
Martina Provis,1968-09-05,Zlatograd
Ailyn Garmey,1972-08-13,Ban Nahin
Ellene Schulke,2006-12-13,Macon
Adelaida Orchart,2000-07-26,Ribeiro
Cesaro Keyhoe,1959-07-27,Dafeng
Amandi Conyer,1951-04-08,Huaiya
Cathrine Albery,1975-12-30,Sidomekar
Flss Barrus,1971-01-31,Zhouyuan
Winni Bern,1997-10-24,Van Giang
Shannan Seywood,1998-02-01,Karengan
Dene Gusticke,1975-09-22,Jingkou
Dosi Klimshuk,1975-08-03,Rio
Merrill Kelloch,1969-03-07,Aldeia
Dag Sybe,1962-05-10,Tebanah
Jacquie Shine,1980-06-07,Aracatuba
Weider Iddy,1994-10-04,Miaoxi
Kent Franca,1978-03-22,Goteborg
Avery Bonafant,1975-03-24,Baoshan
Millard Newlands,1978-01-31,Caldas da Rainha
Rory Storie,1995-03-28,Santo Antonio do Monte
Ruy Houlson,1963-08-02,Nangewer
Kippie Lindstrom,1953-01-09,Krasna Lipa
Ham Boays,1999-04-27,El Cairo
Cosette Hawse,2006-10-26,Sijihong
Pauly Redsall,1979-11-05,Huansheng
Filippo Le Houx,1972-09-23,As Sulayyil
Laney Corssen,1975-09-08,Ayacucho
Dale Hambridge,1963-07-29,Duantan
Zebulon Brognot,1974-10-31,Krapina
Gerrard Handlin,1981-12-01,Aihua
Dennis Bogges,1957-04-17,Pangansalan
Pamella Wais,1977-03-24,Cassanayan
Lianne Giacovelli,1979-06-14,Dongling
Meryl Tolputt,1984-02-02,Hecheng
Matilda Cluer,1966-01-02,Muglizh
Jourdan McColl,1975-12-12,Krasnyy Lyman
Ario McCall,1956-09-10,Liujiagou
Kally Haydney,1982-08-13,Youchou
Happy Oleksiak,1994-01-11,Chengxi
Hort Hyrons,2001-05-27,Stromsund
Janeen Ewart,1955-02-15,Sezemice
Nancy Carding,1951-09-15,Funes
Enrica Bargery,1955-10-24,Vierzon
Dorotea Pariss,1967-05-24,Teminabuan
Marge Rozier,1957-11-30,Qinshan
Tommi Lamswood,1986-08-16,Alexandria
Allix Bath,1958-09-24,Denton
Shelley Mainwaring,1968-01-25,Ikryanoye
Justinn Heart,1967-01-04,Groblersdal
Jodi Fritter,1951-06-16,Tours
Savina Tongue,1972-01-04,San Lucas Toliman
Allie Cranage,1952-03-09,Porto Ferreira
Lalo Chittenden,1973-09-15,Yancheng
Audrye Balderson,1995-07-31,Rio Blanco
Alta Rickards,2003-07-02,Buchach
Tommy Ebhardt,1988-03-31,Imperatriz
Martyn Mannering,1960-09-14,Hezhi
Myra Romaines,1960-01-27,Novokayakent
Gerald Aitcheson,1973-12-02,Houjiachuan
Giorgio Crotch,1952-11-18,Xiaolongmen
Colette Fishpool,1988-11-30,Guanabacoa
Jenine Haquin,1951-12-04,Voloshka
Morgan Bockmaster,1955-05-22,Korolev
Trina Ulster,1994-06-09,Austin
Georgeta Challis,1993-04-12,Bulongji
Kev Bucher,1975-10-07,Kislyakovskaya
Virginia McColgan,2004-07-14,Paluan
Eustacia Dinsey,2006-08-17,Santa Clara La Laguna
Stern Bugge,1955-05-08,Kurlovo
Cati Bachelar,1994-09-20,Augusta
Lenard Merryman,1996-04-24,Richky
Florie Pinyon,1980-07-08,Kapunduk
Perla Salazar,1995-03-12,Judita
Kayle Robe,1993-07-10,Machala
Sadye Westcott,1999-12-15,Kalat
Dugald Droogan,1986-12-07,Wuluo
Karney McComb,1986-07-04,Cimara
Kerk Hurche,1992-06-03,Labuhansumbawa
Starla Angrick,1976-09-10,Karolinka
Corina Sokell,2002-07-04,Palma De Mallorca
Dedra Chadband,1982-04-03,Kumla
Tessy Crombie,1998-02-12,Kumberg
Mar Pearcy,1952-05-26,Jackson
Kym Eallis,1967-04-18,Plasy
Brion Dat,2006-11-25,Pokrzywnica
Carlos Collick,1995-09-20,Markova
Jervis Castellan,1979-06-12,Mojokerto
Albertine Brasted,1990-10-12,Namyangju
Shepard Beagan,1982-07-07,Corredoura
Atlante Walklate,1983-09-16,Shiziqiao
Benita Haspineall,1954-06-27,Monterrey
Rem Tipple,1977-06-17,Portland
Roy Paolozzi,1975-10-29,Riangblolong
Seward Charity,1975-02-07,Balin
Vernice Playle,1983-06-26,Brejoeira
Ronnie Oakenfall,1964-06-09,Sofrino
Winny Pummell,1988-09-24,Tuanjie
Halley Lichfield,1953-05-28,Aguachica
Rafi Stutte,1957-03-28,Ponte Nova
Laughton Salatino,1960-05-17,Pedreira
Annabel Vose,1995-06-25,Delcevo
Bryon Patriskson,1969-07-01,Shikarpur
Dolf Coulthurst,2005-11-21,Ranot
Moritz Noury,1953-03-19,Kembangkerang Satu
Marcelo Pipe,2007-02-18,Itapolis
Dev Hussell,1979-03-16,Belen de Umbria
Creighton Dufer,1993-12-01,Oke Iho
Leshia Matzel,1950-11-08,Huaqiao
Cordula Gardner,1952-12-13,Hakha
Doro Steward,1964-10-06,Zapod
Krystyna Curedell,1986-09-19,Grand Rapids
Katharine Carette,2006-09-08,Houbai
Jammie Carress,2006-02-27,Ipora
Clary Lochead,1981-08-26,Bulusari
Bellina Trevithick,2005-04-18,Tacheng
Chere Dulanty,1956-07-06,Liqiao
Bud McAuley,1995-11-13,Trilj
Yulma Roxburch,1966-03-14,Halong
Debby Dei,1959-10-14,Sertaozinho
Prentiss Woodyeare,1951-11-12,Oued Zem
Elladine Hudleston,1954-12-29,Taipingchuan
Harman Skirlin,2004-11-07,Otradnoye
Nicko Byforth,1955-03-28,Ganquan
Ulick Sentance,1991-12-15,Aiginio
Ame Mandifield,1992-09-07,Magitang
Carol Butland,1999-10-17,Yinkeng
Gun Errett,2005-10-22,Jindong
Kelcie Dorian,1997-11-25,Bayeman
Cassie Melsom,2003-01-09,Linjiang
Carlotta Carah,1987-06-29,Surin
Jessalin Hospital,1993-10-15,Mingora
Kelley McGarrell,1955-08-15,Kotabumi
Amanda Choules,1980-03-27,Mora
Shell Mercik,1992-07-31,Ngchesar Hamlet
Merle Itzcak,1995-09-14,Sao Francisco do Conde
Samantha Hinchshaw,1961-01-04,Czerwiensk
Cord Atcheson,2006-01-08,Caldas Novas
Tremayne Fitzharris,1980-02-27,Jengglungharjo
Rock Hamer,2000-11-09,Cahors
Drusi Dufoure,2005-12-18,Fuenlabrada
Welbie Feak,2003-09-12,Rabak
Marie Haggard,1996-03-09,Haodian
Linoel Blenkinsop,1999-11-08,Proletarskiy
Herman Heeron,1981-04-05,Bordeaux
Herc Bewsey,1982-02-04,San Jose
Jermayne McNea,1995-11-20,Bejucal
Bryan Dunderdale,1974-09-06,Nguru
Vanessa Kardos,1997-08-25,Skibbereen
Auberta Privost,2006-07-23,Chengdong
Sydel Sinyard,1966-08-29,Calarca
Cheston Hanaby,1966-03-11,Charleroi
Zebedee Crickmer,1966-04-29,Ourense
Darb Linne,1950-06-28,Vancouver
Charil Hinrich,1965-02-23,Diaofeng
Jaquenette Littlechild,1973-09-14,Phu Loc
Boonie Thumnel,1975-10-10,Bahuang
Harriett Hullett,1958-05-12,Mokopane
Georgina Corbishley,1974-12-03,Korolev Stan
Sigfrid Style,1990-04-05,Leticia
Davina Tregent,1955-05-25,Wangyi Zhendian
Quent Gallant,1981-12-22,Cumanacoa
Rozalie Gaveltone,1982-07-02,San Francisco de Coray
Teodor Pentecost,1981-12-18,Golden
Jobye Hache,1995-06-24,Lucheng
Neddie Cantera,2002-08-11,Cortezia
Aindrea Kofax,1972-07-10,Mietne
Rhianna Gasparro,1980-03-02,Hehu
Aluin Perrottet,1957-05-23,Villa Altagracia
Ettore Kirdsch,1956-10-21,Puan
Amelita Arnoud,1991-09-22,Sangar Saray
Dyana Jewise,1973-11-12,Paulpietersburg
Leontyne Domanek,1975-01-17,Dingcheng
Audre Assiter,1952-04-21,Terek
Shayna Keetch,1955-04-17,Mikhaylovka
Franky Skelcher,1959-07-03,Taltal
Tybalt Bernaldo,1967-06-20,Austin
Melodee Fitzpatrick,1961-02-09,Nizhnyaya Maktama
Brade Lukesch,1952-08-26,Soderhamn
Cinda Khomich,1989-06-29,Karangmangu
Garwin Carey,1958-08-06,Eindhoven
Alvie Lively,1989-03-14,Bassano
Jerrilyn Cutajar,2002-10-12,Xinjiezi
Alexandros Eliyahu,1983-04-11,Lamduan
Matilda McVittie,1980-05-15,Jagodnjak
Verney Algate,1953-02-28,Mimbaan Timur
Rebe Forre,1965-09-05,Miramar
Willa Camelia,1975-11-13,Affery
Donnie Frede,1962-06-18,Jianguo
Brannon Stoppard,1959-03-31,Portelinha
Janka Yurukhin,1962-04-23,Stockholm
Willa Cashman,1952-08-29,Bugembe
Thoma Valerio,1980-04-01,Zhongtai
Win Yeiles,1974-06-30,Cama Juan
Tiena Tilly,1987-03-27,Mithymna
Stanly Adamsson,2006-12-13,Oak Bay
Agatha Broggelli,1980-07-15,Ljusdal
Simona Querree,1964-05-28,Kiev
Regina Humpage,2001-07-04,Tertek
Bord McFfaden,1968-09-28,Tres Pontas
Kaitlyn Monro,1952-02-07,Tulaghi
Ingram Pearcehouse,1986-04-25,Jadow
Lethia Humbert,1991-02-23,Sadao
Corbet Briance,1960-07-30,Kobylanka
Valaria Benoiton,1967-09-25,Jujur
Carolann Olphert,1995-02-24,Sanom
Brandea Salomon,1988-05-01,Vila Vicosa
Hertha Rickerby,1959-07-29,Lattes
Aveline Giacomazzo,1991-07-17,Padej
Earle Procter,1958-08-13,Orhei
Land Sherrott,1969-11-21,Valencia
Jacklin Maccaig,1985-10-06,Cempa
Terrijo Heamus,1951-06-12,Moroceli
Bear Soans,1955-11-27,Dukoh
Nike Ponting,2002-12-27,Kihancha
Aleda Fenix,1968-07-07,Cachadinha
Adriena Smiley,1960-07-16,Wanglu Kulon
Tabbi Kinny,1964-07-29,Pengandonan
Reagan Trobe,2002-08-29,Dongdajie
Margaretta Bowell,2003-11-23,Jialu
Skip Doxsey,1970-03-08,Embarcacion
Briant Blackleech,2001-03-12,Szczaniec
Marlin Cowlin,1983-04-10,Sinfra
Valeda Slemmonds,1991-10-19,Sychevo
Aurore Dmitrichenko,1959-08-17,Helsingborg
Josias Danniel,1983-07-05,Legionowo
Matteo Poulglais,2003-10-15,Santiago
Augusta Halpin,1980-03-13,Lycksele
Kele Burkin,1986-12-14,Cicheng
Stace Polglase,2001-08-26,Quilpue
Garrett Josefson,1967-12-12,Thap Khlo
Valera Redmile,1978-09-21,Palmital
Gregorius Kastel,1981-06-23,Bardai
Donn Hallybone,1995-09-22,Tubel
Steffi Atchly,1985-01-23,Owerri
Herby Hannabus,1956-11-20,Balaoang
Tabitha Woolward,1972-05-11,Ban Na Muang
Dee dee Blakeman,1970-10-01,Balong
Ada Servant,1973-04-10,Trondheim
Peirce Sheepy,1963-10-12,Baturite
Jackquelin Geroldini,1974-03-18,Kozmin Wielkopolski
Alic Guinness,2001-05-13,Tegalheras
Karrah Chater,1969-08-05,Ebetsu
Lynelle Havesides,1994-05-05,Soca
Cory Fiorentino,2003-05-24,San Juan
Nehemiah Offiler,1963-07-16,Rozwadza
Robinet Lamanby,1951-06-05,San Diego
Rurik Condell,1950-11-01,Muting
Kamillah Magnay,1957-10-29,Sakata
Brinn Greenough,1958-11-20,Del Campillo
Julia Magne,1952-03-13,Guanqian
Laurette Rigglesford,1982-11-02,Rawa
Dougy Huffer,1967-07-17,Rrasa e Siperme
Joaquin Cunniff,1988-09-15,Domartang
Mira Rupprecht,1994-05-30,Gaozhuang
Hanny Pester,1979-04-09,Yevpatoriya
Cheri Vittery,1981-04-02,Tangnan
Cob Delleschi,1971-03-24,Francisco Villa
Ingram Meadley,1992-10-14,Anhua
Valdemar Inderwick,2004-07-17,Shiqiao
Bret Ricardou,1976-04-09,Simitli
Conrado Dubois,1986-03-23,Setaka
Kiri Warre,1958-03-10,Dongsheng
Cornie Mechic,1966-12-04,Uyovu
Nertie Towers,1999-08-08,Lasehao
Georgie Keddy,1999-07-30,Vsevolozhsk
Erny Hamlett,1976-08-29,Kupino
Star Marcoolyn,1950-03-31,Xiawa
Simon Chidler,1997-09-14,Lorraine
Garfield Loan,1987-12-01,San Bernardino
Frannie Antonio,1961-03-20,Lamadelaine
Gaspard Pedley,1983-08-23,Simpang
Shauna Tax,1962-03-05,Subottsi
Caron Fudge,1982-05-25,Kalavryta
Alina Dinwoodie,2001-10-29,Akaki
Maryjo Dielhenn,1953-02-05,Leigao
Rani Kleen,1993-09-30,Longbei
Kailey Elphee,1975-12-20,Tehran
Elsey Ridgway,1965-06-24,Debica
Morissa Krauze,1969-11-18,Wao
Sabrina Hain,1952-02-07,Sniadowo
Lucia Paulisch,1966-09-15,Primero de Mayo
Matti Dybald,1967-01-29,Podivin
Marshal Fisher,1980-05-04,Hacihuseynli
Ricca Kollaschek,1991-07-02,Cimaung Kidul
Everett Welband,1993-04-21,Casal da Serra
Gian Izac,1993-10-17,Eqlid
Price Hackinge,2003-04-04,Nashville
Johnath Gulland,1998-07-19,Lille
Jessalyn Hedin,1954-08-13,Itzer
Margarethe Maddrell,1989-11-30,Jincheng
Rosalynd Emblow,2006-09-20,Don Chedi
Seamus Crossby,1972-06-03,San Francisco
Charlton Addicote,1987-02-22,Liuqu
Stacy Farryann,1999-12-11,Balsamo Oriental
Maura Treble,1973-11-01,Owode
Johnette Wraighte,1972-09-16,Murcia
Evonne Slowey,1959-10-05,Machinga
Isidor Moogan,1956-07-19,Baoshan
Felike Sorensen,1968-02-14,Nakhchivan
Terrill Utley,2000-12-09,Portland
Gill Gilbride,2004-08-29,Asopia
Erhart Rosendorf,1954-10-09,Belo Horizonte
Valentine Adshede,1990-09-11,Tayasan
Drusie Petschel,1977-04-17,Nay Pyi Taw
Winnifred Huck,1952-06-12,Carrasqueira
Benedikta Gierck,1964-02-24,Daliang
Zolly Poundford,1951-03-11,Lebedinovka
Griffy Pristnor,1997-09-22,Xinxu
Bianca Ponton,2003-02-17,Joutsa
Hazel Klezmski,1977-10-27,Wuyang
Diena Eayres,1997-02-24,Hadabei
Tiena Finlan,1986-03-30,Dolores
Harcourt Worboys,1977-12-23,Plasy
Kai Stubbe,1956-09-09,Almelo
Alvis Higford,1981-05-13,Toulouse
Reinhold Burnsell,1966-04-25,Springfield
Elvin Mullaly,1973-04-11,Wrzesnia
Travis Guenther,1998-08-02,Praia da Tocha
Birgit Diable,2003-05-26,Utajarvi
Angelita Burnes,1964-12-12,Chuanpu
Petrina Baszniak,1956-08-16,Nueva Imperial
Alana McDoual,1984-04-17,Cherga
Rea Withinshaw,1996-07-04,Vyatskiye Polyany
Mariya Peaddie,1975-08-28,Karangbadar Kidul
Barbara Ruffell,1955-06-18,Lelystad
Trixie Philips,1960-10-09,Saumur
Marcelline Meysham,1989-01-15,Buena Esperanza
Mahmoud Segrave,1982-10-24,Parungjawa
Nevil Whitmore,1981-05-31,Takokak
Eada Lujan,1996-03-05,Shushi
Delly Hollyman,1975-02-27,Nangen
Quincey Verma,1957-10-19,Batujaran
Rriocard Maffia,1986-07-14,Montargis
Werner Videler,1979-08-18,Nyalindung
Caesar Conyer,2000-11-10,Zolotyy Potik
Linus Bulled,1976-10-04,Akropong
Demetra Challiner,1984-03-19,Komyshuvakha
Tracey Claasen,1976-04-11,Wololele A
Toddy Desesquelle,1973-04-14,Bonpland
Maje Campaigne,2005-03-25,Lesnoy
Lillis Inglesant,1993-08-20,Padre Las Casas
Megen Coles,1977-06-30,Tampa
Darcie Rowbury,1985-09-14,Pocos de Caldas
Illa Hutchason,1996-01-10,Kilinochchi
Harbert Bolan,1997-03-21,James Craik
Augustina MacAndrew,1978-09-13,Penanggal
Pepillo Gut,1963-10-11,Benoni
Linnea MacKey,1953-03-26,Santa Gertrudes
Willetta Burling,1971-07-14,Sami
Gearard Pealing,2002-04-10,Meixian
Maximilianus Aspland,1964-05-22,Panama
Trish Freezer,1987-10-15,Limatambo
Tobe Meir,1989-01-05,Thu Thua
Devin Braden,1982-02-08,Bilaran
Rafaelita Brinsden,2003-01-19,Carepa
Paolina Peris,1996-12-11,Gashua
Lind Blagdon,1957-08-08,Oum Hadjer
Christoph Kebbell,1979-07-28,Rio Grande
Bran McClelland,2003-09-19,Bongor
Robinetta Aloshikin,1954-07-06,San Miguel del Padron
Florri Atwill,1996-11-15,Ilha Solteira
Salome Chasles,1997-03-08,Santarem
Pat Mulder,1985-05-20,Videm pri Ptuju
Ambrosi Parkman,2005-03-27,Fort Worth
